20.26666667,1,0
20.26666667,2,0
20.26666667,3,0
20.26666667,4,0
20.26666667,5,0
20.26666667,6,0
20.26666667,7,0
20.26666667,8,0
20.26666667,9,0
20.53333333,1,0
20.53333333,2,0
20.53333333,3,0
20.53333333,4,0
20.53333333,5,0
20.53333333,6,0
20.53333333,7,0
20.53333333,8,0
20.53333333,9,0
20.8,1,0
20.8,2,0
20.8,3,0
20.8,4,0
20.8,5,0
20.8,6,0
20.8,7,0
20.8,8,0
20.8,9,0
21.06666667,1,0
21.06666667,2,0
21.06666667,3,0
21.06666667,4,0
21.06666667,5,0
21.06666667,6,0
21.06666667,7,0
21.06666667,8,0
21.06666667,9,0
21.33333333,1,0
21.33333333,2,0
21.33333333,3,0
21.33333333,4,0
21.33333333,5,0
21.33333333,6,0
21.33333333,7,0
21.33333333,8,0
21.33333333,9,0
21.6,1,0
21.6,2,0
21.6,3,0
21.6,4,0
21.6,5,0
21.6,6,0
21.6,7,0
21.6,8,0
21.6,9,0
21.86666667,1,0
21.86666667,2,0
21.86666667,3,0
21.86666667,4,0
21.86666667,5,0
21.86666667,6,0
21.86666667,7,0
21.86666667,8,0
21.86666667,9,0
22.13333333,1,0
22.13333333,2,0
22.13333333,3,0
22.13333333,4,0
22.13333333,5,0
22.13333333,6,0
22.13333333,7,0
22.13333333,8,0
22.13333333,9,0
22.4,1,0
22.4,2,0
22.4,3,0
22.4,4,0
22.4,5,0
22.4,6,0
22.4,7,0
22.4,8,0
22.4,9,0
22.66666667,1,0
22.66666667,2,0
22.66666667,3,0
22.66666667,4,0
22.66666667,5,0
22.66666667,6,0
22.66666667,7,0
22.66666667,8,0
22.66666667,9,0
22.93333333,1,0
22.93333333,2,0
22.93333333,3,0
22.93333333,4,0
22.93333333,5,0
22.93333333,6,0
22.93333333,7,0
22.93333333,8,0
22.93333333,9,0
23.2,1,0
23.2,2,0
23.2,3,0
23.2,4,0
23.2,5,0
23.2,6,0
23.2,7,0
23.2,8,0
23.2,9,0
23.46666667,1,0
23.46666667,2,0
23.46666667,3,0
23.46666667,4,0
23.46666667,5,0
23.46666667,6,0
23.46666667,7,0
23.46666667,8,0
23.46666667,9,0
23.73333333,1,0
23.73333333,2,0
23.73333333,3,0
23.73333333,4,0
23.73333333,5,0
23.73333333,6,0
23.73333333,7,0
23.73333333,8,0
23.73333333,9,0
24,1,0
24,2,0
24,3,0
24,4,0
24,5,0
24,6,0
24,7,0
24,8,0
24,9,0
24.26666667,1,0
24.26666667,2,0
24.26666667,3,0
24.26666667,4,0
24.26666667,5,0
24.26666667,6,0
24.26666667,7,0
24.26666667,8,0
24.26666667,9,0
24.53333333,1,0
24.53333333,2,0
24.53333333,3,0
24.53333333,4,0
24.53333333,5,0
24.53333333,6,0
24.53333333,7,0
24.53333333,8,0
24.53333333,9,0
24.8,1,0
24.8,2,0
24.8,3,0
24.8,4,0
24.8,5,0
24.8,6,0
24.8,7,0
24.8,8,0
24.8,9,0
25.06666667,1,0
25.06666667,2,0
25.06666667,3,0
25.06666667,4,0
25.06666667,5,0
25.06666667,6,0
25.06666667,7,0
25.06666667,8,0
25.06666667,9,0
25.33333333,1,0
25.33333333,2,0
25.33333333,3,0
25.33333333,4,0
25.33333333,5,0
25.33333333,6,0
25.33333333,7,0
25.33333333,8,0
25.33333333,9,0
25.6,1,0
25.6,2,0
25.6,3,0
25.6,4,0
25.6,5,0
25.6,6,0
25.6,7,0
25.6,8,0
25.6,9,0
25.86666667,1,0
25.86666667,2,0
25.86666667,3,0
25.86666667,4,0
25.86666667,5,0
25.86666667,6,0
25.86666667,7,0
25.86666667,8,0
25.86666667,9,0
26.13333333,1,0
26.13333333,2,0
26.13333333,3,0
26.13333333,4,0
26.13333333,5,0
26.13333333,6,0
26.13333333,7,0
26.13333333,8,0
26.13333333,9,0
26.4,1,0
26.4,2,0
26.4,3,0
26.4,4,0
26.4,5,0
26.4,6,0
26.4,7,0
26.4,8,0
26.4,9,0
26.66666667,1,0
26.66666667,2,0
26.66666667,3,0
26.66666667,4,0
26.66666667,5,0
26.66666667,6,0
26.66666667,7,0
26.66666667,8,0
26.66666667,9,0
26.93333333,1,0
26.93333333,2,0
26.93333333,3,0
26.93333333,4,0
26.93333333,5,0
26.93333333,6,0
26.93333333,7,0
26.93333333,8,0
26.93333333,9,0
27.2,1,0
27.2,2,0
27.2,3,0
27.2,4,0
27.2,5,0
27.2,6,0
27.2,7,0
27.2,8,0
27.2,9,0
27.46666667,1,0
27.46666667,2,0
27.46666667,3,0
27.46666667,4,0
27.46666667,5,0
27.46666667,6,0
27.46666667,7,0
27.46666667,8,0
27.46666667,9,0
27.73333333,1,0
27.73333333,2,0
27.73333333,3,0
27.73333333,4,0
27.73333333,5,0
27.73333333,6,0
27.73333333,7,0
27.73333333,8,0
27.73333333,9,0
28,1,0
28,2,0
28,3,0
28,4,0
28,5,0
28,6,0
28,7,0
28,8,0
28,9,0
28.26666667,1,0
28.26666667,2,0
28.26666667,3,0
28.26666667,4,0
28.26666667,5,0
28.26666667,6,0
28.26666667,7,0
28.26666667,8,0
28.26666667,9,0
28.53333333,1,0
28.53333333,2,0
28.53333333,3,0
28.53333333,4,0
28.53333333,5,0
28.53333333,6,0
28.53333333,7,0
28.53333333,8,0
28.53333333,9,0
28.8,1,0
28.8,2,0
28.8,3,0
28.8,4,0
28.8,5,0
28.8,6,0
28.8,7,0
28.8,8,0
28.8,9,0
29.06666667,1,0
29.06666667,2,0
29.06666667,3,0
29.06666667,4,0
29.06666667,5,0
29.06666667,6,0
29.06666667,7,0
29.06666667,8,0
29.06666667,9,0
29.33333333,1,0
29.33333333,2,0
29.33333333,3,0
29.33333333,4,0
29.33333333,5,0
29.33333333,6,0
29.33333333,7,0
29.33333333,8,0
29.33333333,9,0
29.6,1,0
29.6,2,0
29.6,3,0
29.6,4,0
29.6,5,0
29.6,6,0
29.6,7,0
29.6,8,0
29.6,9,0
29.86666667,1,0
29.86666667,2,0
29.86666667,3,0
29.86666667,4,0
29.86666667,5,0
29.86666667,6,0
29.86666667,7,0
29.86666667,8,0
29.86666667,9,0
30.13333333,1,20.00157748
30.13333333,2,18.81712404
30.13333333,3,18.27956492
30.13333333,4,18.10676302
30.13333333,5,17.95274177
30.13333333,6,17.96959491
30.13333333,7,18.10772218
30.13333333,8,16.88129299
30.13333333,9,15.46337429
30.4,1,20.00157748
30.4,2,18.81712404
30.4,3,18.27956492
30.4,4,18.10676302
30.4,5,17.95274177
30.4,6,17.96959491
30.4,7,18.10772218
30.4,8,16.88129299
30.4,9,15.46337429
30.66666667,1,20.00157748
30.66666667,2,18.81712404
30.66666667,3,18.27956492
30.66666667,4,18.10676302
30.66666667,5,17.95274177
30.66666667,6,17.96959491
30.66666667,7,18.10772218
30.66666667,8,16.88129299
30.66666667,9,15.46337429
30.93333333,1,20.00157748
30.93333333,2,18.81712404
30.93333333,3,18.27956492
30.93333333,4,18.10676302
30.93333333,5,17.95274177
30.93333333,6,17.96959491
30.93333333,7,18.10772218
30.93333333,8,16.88129299
30.93333333,9,15.46337429
31.2,1,20.00157748
31.2,2,18.81712404
31.2,3,18.27956492
31.2,4,18.10676302
31.2,5,17.95274177
31.2,6,17.96959491
31.2,7,18.10772218
31.2,8,16.88129299
31.2,9,15.46337429
31.46666667,1,20.00157748
31.46666667,2,18.81712404
31.46666667,3,18.27956492
31.46666667,4,18.10676302
31.46666667,5,17.95274177
31.46666667,6,17.96959491
31.46666667,7,18.10772218
31.46666667,8,16.88129299
31.46666667,9,15.46337429
31.73333333,1,20.00157748
31.73333333,2,18.81712404
31.73333333,3,18.27956492
31.73333333,4,18.10676302
31.73333333,5,17.95274177
31.73333333,6,17.96959491
31.73333333,7,18.10772218
31.73333333,8,16.88129299
31.73333333,9,15.46337429
32,1,20.00157748
32,2,18.81712404
32,3,18.27956492
32,4,18.10676302
32,5,17.95274177
32,6,17.96959491
32,7,18.10772218
32,8,16.88129299
32,9,15.46337429
32.26666667,1,20.00157748
32.26666667,2,18.81712404
32.26666667,3,18.27956492
32.26666667,4,18.10676302
32.26666667,5,17.95274177
32.26666667,6,17.96959491
32.26666667,7,18.10772218
32.26666667,8,16.88129299
32.26666667,9,15.46337429
32.53333333,1,20.00157748
32.53333333,2,18.81712404
32.53333333,3,18.27956492
32.53333333,4,18.10676302
32.53333333,5,17.95274177
32.53333333,6,17.96959491
32.53333333,7,18.10772218
32.53333333,8,16.88129299
32.53333333,9,15.46337429
32.8,1,20.00157748
32.8,2,18.81712404
32.8,3,18.27956492
32.8,4,18.10676302
32.8,5,17.95274177
32.8,6,17.96959491
32.8,7,18.10772218
32.8,8,16.88129299
32.8,9,15.46337429
33.06666667,1,20.00157748
33.06666667,2,18.81712404
33.06666667,3,18.27956492
33.06666667,4,18.10676302
33.06666667,5,17.95274177
33.06666667,6,17.96959491
33.06666667,7,18.10772218
33.06666667,8,16.88129299
33.06666667,9,15.46337429
33.33333333,1,20.00157748
33.33333333,2,18.81712404
33.33333333,3,18.27956492
33.33333333,4,18.10676302
33.33333333,5,17.95274177
33.33333333,6,17.96959491
33.33333333,7,18.10772218
33.33333333,8,16.88129299
33.33333333,9,15.46337429
33.6,1,20.00157748
33.6,2,18.81712404
33.6,3,18.27956492
33.6,4,18.10676302
33.6,5,17.95274177
33.6,6,17.96959491
33.6,7,18.10772218
33.6,8,16.88129299
33.6,9,15.46337429
33.86666667,1,20.00157748
33.86666667,2,18.81712404
33.86666667,3,18.27956492
33.86666667,4,18.10676302
33.86666667,5,17.95274177
33.86666667,6,17.96959491
33.86666667,7,18.10772218
33.86666667,8,16.88129299
33.86666667,9,15.46337429
34.13333333,1,20.00157748
34.13333333,2,18.81712404
34.13333333,3,18.27956492
34.13333333,4,18.10676302
34.13333333,5,17.95274177
34.13333333,6,17.96959491
34.13333333,7,18.10772218
34.13333333,8,16.88129299
34.13333333,9,15.46337429
34.4,1,20.00157748
34.4,2,18.81712404
34.4,3,18.27956492
34.4,4,18.10676302
34.4,5,17.95274177
34.4,6,17.96959491
34.4,7,18.10772218
34.4,8,16.88129299
34.4,9,15.46337429
34.66666667,1,20.00157748
34.66666667,2,18.81712404
34.66666667,3,18.27956492
34.66666667,4,18.10676302
34.66666667,5,17.95274177
34.66666667,6,17.96959491
34.66666667,7,18.10772218
34.66666667,8,16.88129299
34.66666667,9,15.46337429
34.93333333,1,20.00157748
34.93333333,2,18.81712404
34.93333333,3,18.27956492
34.93333333,4,18.10676302
34.93333333,5,17.95274177
34.93333333,6,17.96959491
34.93333333,7,18.10772218
34.93333333,8,16.88129299
34.93333333,9,15.46337429
35.2,1,20.00157748
35.2,2,18.81712404
35.2,3,18.27956492
35.2,4,18.10676302
35.2,5,17.95274177
35.2,6,17.96959491
35.2,7,18.10772218
35.2,8,16.88129299
35.2,9,15.46337429
35.46666667,1,20.00157748
35.46666667,2,18.81712404
35.46666667,3,18.27956492
35.46666667,4,18.10676302
35.46666667,5,17.95274177
35.46666667,6,17.96959491
35.46666667,7,18.10772218
35.46666667,8,16.88129299
35.46666667,9,15.46337429
35.73333333,1,20.00157748
35.73333333,2,18.81712404
35.73333333,3,18.27956492
35.73333333,4,18.10676302
35.73333333,5,17.95274177
35.73333333,6,17.96959491
35.73333333,7,18.10772218
35.73333333,8,16.88129299
35.73333333,9,15.46337429
36,1,20.00157748
36,2,18.81712404
36,3,18.27956492
36,4,18.10676302
36,5,17.95274177
36,6,17.96959491
36,7,18.10772218
36,8,16.88129299
36,9,15.46337429
36.26666667,1,20.00157748
36.26666667,2,18.81712404
36.26666667,3,18.27956492
36.26666667,4,18.10676302
36.26666667,5,17.95274177
36.26666667,6,17.96959491
36.26666667,7,18.10772218
36.26666667,8,16.88129299
36.26666667,9,15.46337429
36.53333333,1,20.00157748
36.53333333,2,18.81712404
36.53333333,3,18.27956492
36.53333333,4,18.10676302
36.53333333,5,17.95274177
36.53333333,6,17.96959491
36.53333333,7,18.10772218
36.53333333,8,16.88129299
36.53333333,9,15.46337429
36.8,1,20.00157748
36.8,2,18.81712404
36.8,3,18.27956492
36.8,4,18.10676302
36.8,5,17.95274177
36.8,6,17.96959491
36.8,7,18.10772218
36.8,8,16.88129299
36.8,9,15.46337429
37.06666667,1,20.00157748
37.06666667,2,18.81712404
37.06666667,3,18.27956492
37.06666667,4,18.10676302
37.06666667,5,17.95274177
37.06666667,6,17.96959491
37.06666667,7,18.10772218
37.06666667,8,16.88129299
37.06666667,9,15.46337429
37.33333333,1,20.00157748
37.33333333,2,18.81712404
37.33333333,3,18.27956492
37.33333333,4,18.10676302
37.33333333,5,17.95274177
37.33333333,6,17.96959491
37.33333333,7,18.10772218
37.33333333,8,16.88129299
37.33333333,9,15.46337429
37.6,1,20.00157748
37.6,2,18.81712404
37.6,3,18.27956492
37.6,4,18.10676302
37.6,5,17.95274177
37.6,6,17.96959491
37.6,7,18.10772218
37.6,8,16.88129299
37.6,9,15.46337429
37.86666667,1,20.00157748
37.86666667,2,18.81712404
37.86666667,3,18.27956492
37.86666667,4,18.10676302
37.86666667,5,17.95274177
37.86666667,6,17.96959491
37.86666667,7,18.10772218
37.86666667,8,16.88129299
37.86666667,9,15.46337429
38.13333333,1,20.00157748
38.13333333,2,18.81712404
38.13333333,3,18.27956492
38.13333333,4,18.10676302
38.13333333,5,17.95274177
38.13333333,6,17.96959491
38.13333333,7,18.10772218
38.13333333,8,16.88129299
38.13333333,9,15.46337429
38.4,1,20.00157748
38.4,2,18.81712404
38.4,3,18.27956492
38.4,4,18.10676302
38.4,5,17.95274177
38.4,6,17.96959491
38.4,7,18.10772218
38.4,8,16.88129299
38.4,9,15.46337429
38.66666667,1,20.00157748
38.66666667,2,18.81712404
38.66666667,3,18.27956492
38.66666667,4,18.10676302
38.66666667,5,17.95274177
38.66666667,6,17.96959491
38.66666667,7,18.10772218
38.66666667,8,16.88129299
38.66666667,9,15.46337429
38.93333333,1,20.00157748
38.93333333,2,18.81712404
38.93333333,3,18.27956492
38.93333333,4,18.10676302
38.93333333,5,17.95274177
38.93333333,6,17.96959491
38.93333333,7,18.10772218
38.93333333,8,16.88129299
38.93333333,9,15.46337429
39.2,1,20.00157748
39.2,2,18.81712404
39.2,3,18.27956492
39.2,4,18.10676302
39.2,5,17.95274177
39.2,6,17.96959491
39.2,7,18.10772218
39.2,8,16.88129299
39.2,9,15.46337429
39.46666667,1,20.00157748
39.46666667,2,18.81712404
39.46666667,3,18.27956492
39.46666667,4,18.10676302
39.46666667,5,17.95274177
39.46666667,6,17.96959491
39.46666667,7,18.10772218
39.46666667,8,16.88129299
39.46666667,9,15.46337429
39.73333333,1,20.00157748
39.73333333,2,18.81712404
39.73333333,3,18.27956492
39.73333333,4,18.10676302
39.73333333,5,17.95274177
39.73333333,6,17.96959491
39.73333333,7,18.10772218
39.73333333,8,16.88129299
39.73333333,9,15.46337429
40,1,20.00157748
40,2,18.81712404
40,3,18.27956492
40,4,18.10676302
40,5,17.95274177
40,6,17.96959491
40,7,18.10772218
40,8,16.88129299
40,9,15.46337429
40.26666667,1,20.00157748
40.26666667,2,18.81712404
40.26666667,3,18.27956492
40.26666667,4,18.10676302
40.26666667,5,17.95274177
40.26666667,6,17.96959491
40.26666667,7,18.10772218
40.26666667,8,16.88129299
40.26666667,9,15.46337429
40.53333333,1,20.00157748
40.53333333,2,18.81712404
40.53333333,3,18.27956492
40.53333333,4,18.10676302
40.53333333,5,17.95274177
40.53333333,6,17.96959491
40.53333333,7,18.10772218
40.53333333,8,16.88129299
40.53333333,9,15.46337429
40.8,1,20.00157748
40.8,2,18.81712404
40.8,3,18.27956492
40.8,4,18.10676302
40.8,5,17.95274177
40.8,6,17.96959491
40.8,7,18.10772218
40.8,8,16.88129299
40.8,9,15.46337429
41.06666667,1,20.00157748
41.06666667,2,18.81712404
41.06666667,3,18.27956492
41.06666667,4,18.10676302
41.06666667,5,17.95274177
41.06666667,6,17.96959491
41.06666667,7,18.10772218
41.06666667,8,16.88129299
41.06666667,9,15.46337429
41.33333333,1,20.00157748
41.33333333,2,18.81712404
41.33333333,3,18.27956492
41.33333333,4,18.10676302
41.33333333,5,17.95274177
41.33333333,6,17.96959491
41.33333333,7,18.10772218
41.33333333,8,16.88129299
41.33333333,9,15.46337429
41.6,1,20.00157748
41.6,2,18.81712404
41.6,3,18.27956492
41.6,4,18.10676302
41.6,5,17.95274177
41.6,6,17.96959491
41.6,7,18.10772218
41.6,8,16.88129299
41.6,9,15.46337429
41.86666667,1,20.00157748
41.86666667,2,18.81712404
41.86666667,3,18.27956492
41.86666667,4,18.10676302
41.86666667,5,17.95274177
41.86666667,6,17.96959491
41.86666667,7,18.10772218
41.86666667,8,16.88129299
41.86666667,9,15.46337429
42.13333333,1,20.00157748
42.13333333,2,18.81712404
42.13333333,3,18.27956492
42.13333333,4,18.10676302
42.13333333,5,17.95274177
42.13333333,6,17.96959491
42.13333333,7,18.10772218
42.13333333,8,16.88129299
42.13333333,9,15.46337429
42.4,1,20.00157748
42.4,2,18.81712404
42.4,3,18.27956492
42.4,4,18.10676302
42.4,5,17.95274177
42.4,6,17.96959491
42.4,7,18.10772218
42.4,8,16.88129299
42.4,9,15.46337429
42.66666667,1,20.00157748
42.66666667,2,18.81712404
42.66666667,3,18.27956492
42.66666667,4,18.10676302
42.66666667,5,17.95274177
42.66666667,6,17.96959491
42.66666667,7,18.10772218
42.66666667,8,16.88129299
42.66666667,9,15.46337429
42.93333333,1,20.00157748
42.93333333,2,18.81712404
42.93333333,3,18.27956492
42.93333333,4,18.10676302
42.93333333,5,17.95274177
42.93333333,6,17.96959491
42.93333333,7,18.10772218
42.93333333,8,16.88129299
42.93333333,9,15.46337429
43.2,1,20.00157748
43.2,2,18.81712404
43.2,3,18.27956492
43.2,4,18.10676302
43.2,5,17.95274177
43.2,6,17.96959491
43.2,7,18.10772218
43.2,8,16.88129299
43.2,9,15.46337429
43.46666667,1,20.00157748
43.46666667,2,18.81712404
43.46666667,3,18.27956492
43.46666667,4,18.10676302
43.46666667,5,17.95274177
43.46666667,6,17.96959491
43.46666667,7,18.10772218
43.46666667,8,16.88129299
43.46666667,9,15.46337429
43.73333333,1,20.00157748
43.73333333,2,18.81712404
43.73333333,3,18.27956492
43.73333333,4,18.10676302
43.73333333,5,17.95274177
43.73333333,6,17.96959491
43.73333333,7,18.10772218
43.73333333,8,16.88129299
43.73333333,9,15.46337429
44,1,20.00157748
44,2,18.81712404
44,3,18.27956492
44,4,18.10676302
44,5,17.95274177
44,6,17.96959491
44,7,18.10772218
44,8,16.88129299
44,9,15.46337429
44.26666667,1,20.00157748
44.26666667,2,18.81712404
44.26666667,3,18.27956492
44.26666667,4,18.10676302
44.26666667,5,17.95274177
44.26666667,6,17.96959491
44.26666667,7,18.10772218
44.26666667,8,16.88129299
44.26666667,9,15.46337429
44.53333333,1,20.00157748
44.53333333,2,18.81712404
44.53333333,3,18.27956492
44.53333333,4,18.10676302
44.53333333,5,17.95274177
44.53333333,6,17.96959491
44.53333333,7,18.10772218
44.53333333,8,16.88129299
44.53333333,9,15.46337429
44.8,1,20.00157748
44.8,2,18.81712404
44.8,3,18.27956492
44.8,4,18.10676302
44.8,5,17.95274177
44.8,6,17.96959491
44.8,7,18.10772218
44.8,8,16.88129299
44.8,9,15.46337429
45.06666667,1,20.00157748
45.06666667,2,18.81712404
45.06666667,3,18.27956492
45.06666667,4,18.10676302
45.06666667,5,17.95274177
45.06666667,6,17.96959491
45.06666667,7,18.10772218
45.06666667,8,16.88129299
45.06666667,9,15.46337429
45.33333333,1,20.00157748
45.33333333,2,18.81712404
45.33333333,3,18.27956492
45.33333333,4,18.10676302
45.33333333,5,17.95274177
45.33333333,6,17.96959491
45.33333333,7,18.10772218
45.33333333,8,16.88129299
45.33333333,9,15.46337429
45.6,1,20.00157748
45.6,2,18.81712404
45.6,3,18.27956492
45.6,4,18.10676302
45.6,5,17.95274177
45.6,6,17.96959491
45.6,7,18.10772218
45.6,8,16.88129299
45.6,9,15.46337429
45.86666667,1,20.00157748
45.86666667,2,18.81712404
45.86666667,3,18.27956492
45.86666667,4,18.10676302
45.86666667,5,17.95274177
45.86666667,6,17.96959491
45.86666667,7,18.10772218
45.86666667,8,16.88129299
45.86666667,9,15.46337429
46.13333333,1,20.00157748
46.13333333,2,18.81712404
46.13333333,3,18.27956492
46.13333333,4,18.10676302
46.13333333,5,17.95274177
46.13333333,6,17.96959491
46.13333333,7,18.10772218
46.13333333,8,16.88129299
46.13333333,9,15.46337429
46.4,1,20.00157748
46.4,2,18.81712404
46.4,3,18.27956492
46.4,4,18.10676302
46.4,5,17.95274177
46.4,6,17.96959491
46.4,7,18.10772218
46.4,8,16.88129299
46.4,9,15.46337429
46.66666667,1,20.00157748
46.66666667,2,18.81712404
46.66666667,3,18.27956492
46.66666667,4,18.10676302
46.66666667,5,17.95274177
46.66666667,6,17.96959491
46.66666667,7,18.10772218
46.66666667,8,16.88129299
46.66666667,9,15.46337429
46.93333333,1,20.00157748
46.93333333,2,18.81712404
46.93333333,3,18.27956492
46.93333333,4,18.10676302
46.93333333,5,17.95274177
46.93333333,6,17.96959491
46.93333333,7,18.10772218
46.93333333,8,16.88129299
46.93333333,9,15.46337429
47.2,1,20.00157748
47.2,2,18.81712404
47.2,3,18.27956492
47.2,4,18.10676302
47.2,5,17.95274177
47.2,6,17.96959491
47.2,7,18.10772218
47.2,8,16.88129299
47.2,9,15.46337429
47.46666667,1,20.00157748
47.46666667,2,18.81712404
47.46666667,3,18.27956492
47.46666667,4,18.10676302
47.46666667,5,17.95274177
47.46666667,6,17.96959491
47.46666667,7,18.10772218
47.46666667,8,16.88129299
47.46666667,9,15.46337429
47.73333333,1,20.00157748
47.73333333,2,18.81712404
47.73333333,3,18.27956492
47.73333333,4,18.10676302
47.73333333,5,17.95274177
47.73333333,6,17.96959491
47.73333333,7,18.10772218
47.73333333,8,16.88129299
47.73333333,9,15.46337429
48,1,20.00157748
48,2,18.81712404
48,3,18.27956492
48,4,18.10676302
48,5,17.95274177
48,6,17.96959491
48,7,18.10772218
48,8,16.88129299
48,9,15.46337429
48.26666667,1,20.00157748
48.26666667,2,18.81712404
48.26666667,3,18.27956492
48.26666667,4,18.10676302
48.26666667,5,17.95274177
48.26666667,6,17.96959491
48.26666667,7,18.10772218
48.26666667,8,16.88129299
48.26666667,9,15.46337429
48.53333333,1,20.00157748
48.53333333,2,18.81712404
48.53333333,3,18.27956492
48.53333333,4,18.10676302
48.53333333,5,17.95274177
48.53333333,6,17.96959491
48.53333333,7,18.10772218
48.53333333,8,16.88129299
48.53333333,9,15.46337429
48.8,1,20.00157748
48.8,2,18.81712404
48.8,3,18.27956492
48.8,4,18.10676302
48.8,5,17.95274177
48.8,6,17.96959491
48.8,7,18.10772218
48.8,8,16.88129299
48.8,9,15.46337429
49.06666667,1,20.00157748
49.06666667,2,18.81712404
49.06666667,3,18.27956492
49.06666667,4,18.10676302
49.06666667,5,17.95274177
49.06666667,6,17.96959491
49.06666667,7,18.10772218
49.06666667,8,16.88129299
49.06666667,9,15.46337429
49.33333333,1,20.00157748
49.33333333,2,18.81712404
49.33333333,3,18.27956492
49.33333333,4,18.10676302
49.33333333,5,17.95274177
49.33333333,6,17.96959491
49.33333333,7,18.10772218
49.33333333,8,16.88129299
49.33333333,9,15.46337429
49.6,1,20.00157748
49.6,2,18.81712404
49.6,3,18.27956492
49.6,4,18.10676302
49.6,5,17.95274177
49.6,6,17.96959491
49.6,7,18.10772218
49.6,8,16.88129299
49.6,9,15.46337429
49.86666667,1,20.00157748
49.86666667,2,18.81712404
49.86666667,3,18.27956492
49.86666667,4,18.10676302
49.86666667,5,17.95274177
49.86666667,6,17.96959491
49.86666667,7,18.10772218
49.86666667,8,16.88129299
49.86666667,9,15.46337429
50.13333333,1,20.00157748
50.13333333,2,18.81712404
50.13333333,3,18.27956492
50.13333333,4,18.10676302
50.13333333,5,17.95274177
50.13333333,6,17.96959491
50.13333333,7,18.10772218
50.13333333,8,16.88129299
50.13333333,9,15.46337429
50.4,1,20.00157748
50.4,2,18.81712404
50.4,3,18.27956492
50.4,4,18.10676302
50.4,5,17.95274177
50.4,6,17.96959491
50.4,7,18.10772218
50.4,8,16.88129299
50.4,9,15.46337429
50.66666667,1,20.00157748
50.66666667,2,18.81712404
50.66666667,3,18.27956492
50.66666667,4,18.10676302
50.66666667,5,17.95274177
50.66666667,6,17.96959491
50.66666667,7,18.10772218
50.66666667,8,16.88129299
50.66666667,9,15.46337429
50.93333333,1,20.00157748
50.93333333,2,18.81712404
50.93333333,3,18.27956492
50.93333333,4,18.10676302
50.93333333,5,17.95274177
50.93333333,6,17.96959491
50.93333333,7,18.10772218
50.93333333,8,16.88129299
50.93333333,9,15.46337429
51.2,1,20.00157748
51.2,2,18.81712404
51.2,3,18.27956492
51.2,4,18.10676302
51.2,5,17.95274177
51.2,6,17.96959491
51.2,7,18.10772218
51.2,8,16.88129299
51.2,9,15.46337429
51.46666667,1,20.00157748
51.46666667,2,18.81712404
51.46666667,3,18.27956492
51.46666667,4,18.10676302
51.46666667,5,17.95274177
51.46666667,6,17.96959491
51.46666667,7,18.10772218
51.46666667,8,16.88129299
51.46666667,9,15.46337429
51.73333333,1,20.00157748
51.73333333,2,18.81712404
51.73333333,3,18.27956492
51.73333333,4,18.10676302
51.73333333,5,17.95274177
51.73333333,6,17.96959491
51.73333333,7,18.10772218
51.73333333,8,16.88129299
51.73333333,9,15.46337429
52,1,20.00157748
52,2,18.81712404
52,3,18.27956492
52,4,18.10676302
52,5,17.95274177
52,6,17.96959491
52,7,18.10772218
52,8,16.88129299
52,9,15.46337429
52.26666667,1,20.00157748
52.26666667,2,18.81712404
52.26666667,3,18.27956492
52.26666667,4,18.10676302
52.26666667,5,17.95274177
52.26666667,6,17.96959491
52.26666667,7,18.10772218
52.26666667,8,16.88129299
52.26666667,9,15.46337429
52.53333333,1,20.00157748
52.53333333,2,18.81712404
52.53333333,3,18.27956492
52.53333333,4,18.10676302
52.53333333,5,17.95274177
52.53333333,6,17.96959491
52.53333333,7,18.10772218
52.53333333,8,16.88129299
52.53333333,9,15.46337429
52.8,1,20.00157748
52.8,2,18.81712404
52.8,3,18.27956492
52.8,4,18.10676302
52.8,5,17.95274177
52.8,6,17.96959491
52.8,7,18.10772218
52.8,8,16.88129299
52.8,9,15.46337429
53.06666667,1,20.00157748
53.06666667,2,18.81712404
53.06666667,3,18.27956492
53.06666667,4,18.10676302
53.06666667,5,17.95274177
53.06666667,6,17.96959491
53.06666667,7,18.10772218
53.06666667,8,16.88129299
53.06666667,9,15.46337429
53.33333333,1,20.00157748
53.33333333,2,18.81712404
53.33333333,3,18.27956492
53.33333333,4,18.10676302
53.33333333,5,17.95274177
53.33333333,6,17.96959491
53.33333333,7,18.10772218
53.33333333,8,16.88129299
53.33333333,9,15.46337429
53.6,1,20.00157748
53.6,2,18.81712404
53.6,3,18.27956492
53.6,4,18.10676302
53.6,5,17.95274177
53.6,6,17.96959491
53.6,7,18.10772218
53.6,8,16.88129299
53.6,9,15.46337429
53.86666667,1,20.00157748
53.86666667,2,18.81712404
53.86666667,3,18.27956492
53.86666667,4,18.10676302
53.86666667,5,17.95274177
53.86666667,6,17.96959491
53.86666667,7,18.10772218
53.86666667,8,16.88129299
53.86666667,9,15.46337429
54.13333333,1,20.00157748
54.13333333,2,18.81712404
54.13333333,3,18.27956492
54.13333333,4,18.10676302
54.13333333,5,17.95274177
54.13333333,6,17.96959491
54.13333333,7,18.10772218
54.13333333,8,16.88129299
54.13333333,9,15.46337429
54.4,1,20.00157748
54.4,2,18.81712404
54.4,3,18.27956492
54.4,4,18.10676302
54.4,5,17.95274177
54.4,6,17.96959491
54.4,7,18.10772218
54.4,8,16.88129299
54.4,9,15.46337429
54.66666667,1,20.00157748
54.66666667,2,18.81712404
54.66666667,3,18.27956492
54.66666667,4,18.10676302
54.66666667,5,17.95274177
54.66666667,6,17.96959491
54.66666667,7,18.10772218
54.66666667,8,16.88129299
54.66666667,9,15.46337429
54.93333333,1,20.00157748
54.93333333,2,18.81712404
54.93333333,3,18.27956492
54.93333333,4,18.10676302
54.93333333,5,17.95274177
54.93333333,6,17.96959491
54.93333333,7,18.10772218
54.93333333,8,16.88129299
54.93333333,9,15.46337429
55.2,1,20.00157748
55.2,2,18.81712404
55.2,3,18.27956492
55.2,4,18.10676302
55.2,5,17.95274177
55.2,6,17.96959491
55.2,7,18.10772218
55.2,8,16.88129299
55.2,9,15.46337429
55.46666667,1,20.00157748
55.46666667,2,18.81712404
55.46666667,3,18.27956492
55.46666667,4,18.10676302
55.46666667,5,17.95274177
55.46666667,6,17.96959491
55.46666667,7,18.10772218
55.46666667,8,16.88129299
55.46666667,9,15.46337429
55.73333333,1,20.00157748
55.73333333,2,18.81712404
55.73333333,3,18.27956492
55.73333333,4,18.10676302
55.73333333,5,17.95274177
55.73333333,6,17.96959491
55.73333333,7,18.10772218
55.73333333,8,16.88129299
55.73333333,9,15.46337429
56,1,20.00157748
56,2,18.81712404
56,3,18.27956492
56,4,18.10676302
56,5,17.95274177
56,6,17.96959491
56,7,18.10772218
56,8,16.88129299
56,9,15.46337429
56.26666667,1,20.00157748
56.26666667,2,18.81712404
56.26666667,3,18.27956492
56.26666667,4,18.10676302
56.26666667,5,17.95274177
56.26666667,6,17.96959491
56.26666667,7,18.10772218
56.26666667,8,16.88129299
56.26666667,9,15.46337429
56.53333333,1,20.00157748
56.53333333,2,18.81712404
56.53333333,3,18.27956492
56.53333333,4,18.10676302
56.53333333,5,17.95274177
56.53333333,6,17.96959491
56.53333333,7,18.10772218
56.53333333,8,16.88129299
56.53333333,9,15.46337429
56.8,1,20.00157748
56.8,2,18.81712404
56.8,3,18.27956492
56.8,4,18.10676302
56.8,5,17.95274177
56.8,6,17.96959491
56.8,7,18.10772218
56.8,8,16.88129299
56.8,9,15.46337429
57.06666667,1,20.00157748
57.06666667,2,18.81712404
57.06666667,3,18.27956492
57.06666667,4,18.10676302
57.06666667,5,17.95274177
57.06666667,6,17.96959491
57.06666667,7,18.10772218
57.06666667,8,16.88129299
57.06666667,9,15.46337429
57.33333333,1,20.00157748
57.33333333,2,18.81712404
57.33333333,3,18.27956492
57.33333333,4,18.10676302
57.33333333,5,17.95274177
57.33333333,6,17.96959491
57.33333333,7,18.10772218
57.33333333,8,16.88129299
57.33333333,9,15.46337429
57.6,1,20.00157748
57.6,2,18.81712404
57.6,3,18.27956492
57.6,4,18.10676302
57.6,5,17.95274177
57.6,6,17.96959491
57.6,7,18.10772218
57.6,8,16.88129299
57.6,9,15.46337429
57.86666667,1,20.00157748
57.86666667,2,18.81712404
57.86666667,3,18.27956492
57.86666667,4,18.10676302
57.86666667,5,17.95274177
57.86666667,6,17.96959491
57.86666667,7,18.10772218
57.86666667,8,16.88129299
57.86666667,9,15.46337429
58.13333333,1,20.00157748
58.13333333,2,18.81712404
58.13333333,3,18.27956492
58.13333333,4,18.10676302
58.13333333,5,17.95274177
58.13333333,6,17.96959491
58.13333333,7,18.10772218
58.13333333,8,16.88129299
58.13333333,9,15.46337429
58.4,1,20.00157748
58.4,2,18.81712404
58.4,3,18.27956492
58.4,4,18.10676302
58.4,5,17.95274177
58.4,6,17.96959491
58.4,7,18.10772218
58.4,8,16.88129299
58.4,9,15.46337429
58.66666667,1,20.00157748
58.66666667,2,18.81712404
58.66666667,3,18.27956492
58.66666667,4,18.10676302
58.66666667,5,17.95274177
58.66666667,6,17.96959491
58.66666667,7,18.10772218
58.66666667,8,16.88129299
58.66666667,9,15.46337429
58.93333333,1,20.00157748
58.93333333,2,18.81712404
58.93333333,3,18.27956492
58.93333333,4,18.10676302
58.93333333,5,17.95274177
58.93333333,6,17.96959491
58.93333333,7,18.10772218
58.93333333,8,16.88129299
58.93333333,9,15.46337429
59.2,1,20.00157748
59.2,2,18.81712404
59.2,3,18.27956492
59.2,4,18.10676302
59.2,5,17.95274177
59.2,6,17.96959491
59.2,7,18.10772218
59.2,8,16.88129299
59.2,9,15.46337429
59.46666667,1,20.00157748
59.46666667,2,18.81712404
59.46666667,3,18.27956492
59.46666667,4,18.10676302
59.46666667,5,17.95274177
59.46666667,6,17.96959491
59.46666667,7,18.10772218
59.46666667,8,16.88129299
59.46666667,9,15.46337429
59.73333333,1,20.00157748
59.73333333,2,18.81712404
59.73333333,3,18.27956492
59.73333333,4,18.10676302
59.73333333,5,17.95274177
59.73333333,6,17.96959491
59.73333333,7,18.10772218
59.73333333,8,16.88129299
59.73333333,9,15.46337429
60,1,20.00157748
60,2,18.81712404
60,3,18.27956492
60,4,18.10676302
60,5,17.95274177
60,6,17.96959491
60,7,18.10772218
60,8,16.88129299
60,9,15.46337429
60.26666667,1,18.26860601
60.26666667,2,17.81745263
60.26666667,3,17.7513013
60.26666667,4,19.17145042
60.26666667,5,19.70357446
60.26666667,6,20.18817988
60.26666667,7,19.94965089
60.26666667,8,18.24781555
60.26666667,9,15.67323109
60.53333333,1,18.26860601
60.53333333,2,17.81745263
60.53333333,3,17.7513013
60.53333333,4,19.17145042
60.53333333,5,19.70357446
60.53333333,6,20.18817988
60.53333333,7,19.94965089
60.53333333,8,18.24781555
60.53333333,9,15.67323109
60.8,1,18.26860601
60.8,2,17.81745263
60.8,3,17.7513013
60.8,4,19.17145042
60.8,5,19.70357446
60.8,6,20.18817988
60.8,7,19.94965089
60.8,8,18.24781555
60.8,9,15.67323109
61.06666667,1,18.26860601
61.06666667,2,17.81745263
61.06666667,3,17.7513013
61.06666667,4,19.17145042
61.06666667,5,19.70357446
61.06666667,6,20.18817988
61.06666667,7,19.94965089
61.06666667,8,18.24781555
61.06666667,9,15.67323109
61.33333333,1,18.26860601
61.33333333,2,17.81745263
61.33333333,3,17.7513013
61.33333333,4,19.17145042
61.33333333,5,19.70357446
61.33333333,6,20.18817988
61.33333333,7,19.94965089
61.33333333,8,18.24781555
61.33333333,9,15.67323109
61.6,1,18.26860601
61.6,2,17.81745263
61.6,3,17.7513013
61.6,4,19.17145042
61.6,5,19.70357446
61.6,6,20.18817988
61.6,7,19.94965089
61.6,8,18.24781555
61.6,9,15.67323109
61.86666667,1,18.26860601
61.86666667,2,17.81745263
61.86666667,3,17.7513013
61.86666667,4,19.17145042
61.86666667,5,19.70357446
61.86666667,6,20.18817988
61.86666667,7,19.94965089
61.86666667,8,18.24781555
61.86666667,9,15.67323109
62.13333333,1,18.26860601
62.13333333,2,17.81745263
62.13333333,3,17.7513013
62.13333333,4,19.17145042
62.13333333,5,19.70357446
62.13333333,6,20.18817988
62.13333333,7,19.94965089
62.13333333,8,18.24781555
62.13333333,9,15.67323109
62.4,1,18.26860601
62.4,2,17.81745263
62.4,3,17.7513013
62.4,4,19.17145042
62.4,5,19.70357446
62.4,6,20.18817988
62.4,7,19.94965089
62.4,8,18.24781555
62.4,9,15.67323109
62.66666667,1,18.26860601
62.66666667,2,17.81745263
62.66666667,3,17.7513013
62.66666667,4,19.17145042
62.66666667,5,19.70357446
62.66666667,6,20.18817988
62.66666667,7,19.94965089
62.66666667,8,18.24781555
62.66666667,9,15.67323109
62.93333333,1,18.26860601
62.93333333,2,17.81745263
62.93333333,3,17.7513013
62.93333333,4,19.17145042
62.93333333,5,19.70357446
62.93333333,6,20.18817988
62.93333333,7,19.94965089
62.93333333,8,18.24781555
62.93333333,9,15.67323109
63.2,1,18.26860601
63.2,2,17.81745263
63.2,3,17.7513013
63.2,4,19.17145042
63.2,5,19.70357446
63.2,6,20.18817988
63.2,7,19.94965089
63.2,8,18.24781555
63.2,9,15.67323109
63.46666667,1,18.26860601
63.46666667,2,17.81745263
63.46666667,3,17.7513013
63.46666667,4,19.17145042
63.46666667,5,19.70357446
63.46666667,6,20.18817988
63.46666667,7,19.94965089
63.46666667,8,18.24781555
63.46666667,9,15.67323109
63.73333333,1,18.26860601
63.73333333,2,17.81745263
63.73333333,3,17.7513013
63.73333333,4,19.17145042
63.73333333,5,19.70357446
63.73333333,6,20.18817988
63.73333333,7,19.94965089
63.73333333,8,18.24781555
63.73333333,9,15.67323109
64,1,18.26860601
64,2,17.81745263
64,3,17.7513013
64,4,19.17145042
64,5,19.70357446
64,6,20.18817988
64,7,19.94965089
64,8,18.24781555
64,9,15.67323109
64.26666667,1,18.26860601
64.26666667,2,17.81745263
64.26666667,3,17.7513013
64.26666667,4,19.17145042
64.26666667,5,19.70357446
64.26666667,6,20.18817988
64.26666667,7,19.94965089
64.26666667,8,18.24781555
64.26666667,9,15.67323109
64.53333333,1,18.26860601
64.53333333,2,17.81745263
64.53333333,3,17.7513013
64.53333333,4,19.17145042
64.53333333,5,19.70357446
64.53333333,6,20.18817988
64.53333333,7,19.94965089
64.53333333,8,18.24781555
64.53333333,9,15.67323109
64.8,1,18.26860601
64.8,2,17.81745263
64.8,3,17.7513013
64.8,4,19.17145042
64.8,5,19.70357446
64.8,6,20.18817988
64.8,7,19.94965089
64.8,8,18.24781555
64.8,9,15.67323109
65.06666667,1,18.26860601
65.06666667,2,17.81745263
65.06666667,3,17.7513013
65.06666667,4,19.17145042
65.06666667,5,19.70357446
65.06666667,6,20.18817988
65.06666667,7,19.94965089
65.06666667,8,18.24781555
65.06666667,9,15.67323109
65.33333333,1,18.26860601
65.33333333,2,17.81745263
65.33333333,3,17.7513013
65.33333333,4,19.17145042
65.33333333,5,19.70357446
65.33333333,6,20.18817988
65.33333333,7,19.94965089
65.33333333,8,18.24781555
65.33333333,9,15.67323109
65.6,1,18.26860601
65.6,2,17.81745263
65.6,3,17.7513013
65.6,4,19.17145042
65.6,5,19.70357446
65.6,6,20.18817988
65.6,7,19.94965089
65.6,8,18.24781555
65.6,9,15.67323109
65.86666667,1,18.26860601
65.86666667,2,17.81745263
65.86666667,3,17.7513013
65.86666667,4,19.17145042
65.86666667,5,19.70357446
65.86666667,6,20.18817988
65.86666667,7,19.94965089
65.86666667,8,18.24781555
65.86666667,9,15.67323109
66.13333333,1,18.26860601
66.13333333,2,17.81745263
66.13333333,3,17.7513013
66.13333333,4,19.17145042
66.13333333,5,19.70357446
66.13333333,6,20.18817988
66.13333333,7,19.94965089
66.13333333,8,18.24781555
66.13333333,9,15.67323109
66.4,1,18.26860601
66.4,2,17.81745263
66.4,3,17.7513013
66.4,4,19.17145042
66.4,5,19.70357446
66.4,6,20.18817988
66.4,7,19.94965089
66.4,8,18.24781555
66.4,9,15.67323109
66.66666667,1,18.26860601
66.66666667,2,17.81745263
66.66666667,3,17.7513013
66.66666667,4,19.17145042
66.66666667,5,19.70357446
66.66666667,6,20.18817988
66.66666667,7,19.94965089
66.66666667,8,18.24781555
66.66666667,9,15.67323109
66.93333333,1,18.26860601
66.93333333,2,17.81745263
66.93333333,3,17.7513013
66.93333333,4,19.17145042
66.93333333,5,19.70357446
66.93333333,6,20.18817988
66.93333333,7,19.94965089
66.93333333,8,18.24781555
66.93333333,9,15.67323109
67.2,1,18.26860601
67.2,2,17.81745263
67.2,3,17.7513013
67.2,4,19.17145042
67.2,5,19.70357446
67.2,6,20.18817988
67.2,7,19.94965089
67.2,8,18.24781555
67.2,9,15.67323109
67.46666667,1,18.26860601
67.46666667,2,17.81745263
67.46666667,3,17.7513013
67.46666667,4,19.17145042
67.46666667,5,19.70357446
67.46666667,6,20.18817988
67.46666667,7,19.94965089
67.46666667,8,18.24781555
67.46666667,9,15.67323109
67.73333333,1,18.26860601
67.73333333,2,17.81745263
67.73333333,3,17.7513013
67.73333333,4,19.17145042
67.73333333,5,19.70357446
67.73333333,6,20.18817988
67.73333333,7,19.94965089
67.73333333,8,18.24781555
67.73333333,9,15.67323109
68,1,18.26860601
68,2,17.81745263
68,3,17.7513013
68,4,19.17145042
68,5,19.70357446
68,6,20.18817988
68,7,19.94965089
68,8,18.24781555
68,9,15.67323109
68.26666667,1,18.26860601
68.26666667,2,17.81745263
68.26666667,3,17.7513013
68.26666667,4,19.17145042
68.26666667,5,19.70357446
68.26666667,6,20.18817988
68.26666667,7,19.94965089
68.26666667,8,18.24781555
68.26666667,9,15.67323109
68.53333333,1,18.26860601
68.53333333,2,17.81745263
68.53333333,3,17.7513013
68.53333333,4,19.17145042
68.53333333,5,19.70357446
68.53333333,6,20.18817988
68.53333333,7,19.94965089
68.53333333,8,18.24781555
68.53333333,9,15.67323109
68.8,1,18.26860601
68.8,2,17.81745263
68.8,3,17.7513013
68.8,4,19.17145042
68.8,5,19.70357446
68.8,6,20.18817988
68.8,7,19.94965089
68.8,8,18.24781555
68.8,9,15.67323109
69.06666667,1,18.26860601
69.06666667,2,17.81745263
69.06666667,3,17.7513013
69.06666667,4,19.17145042
69.06666667,5,19.70357446
69.06666667,6,20.18817988
69.06666667,7,19.94965089
69.06666667,8,18.24781555
69.06666667,9,15.67323109
69.33333333,1,18.26860601
69.33333333,2,17.81745263
69.33333333,3,17.7513013
69.33333333,4,19.17145042
69.33333333,5,19.70357446
69.33333333,6,20.18817988
69.33333333,7,19.94965089
69.33333333,8,18.24781555
69.33333333,9,15.67323109
69.6,1,18.26860601
69.6,2,17.81745263
69.6,3,17.7513013
69.6,4,19.17145042
69.6,5,19.70357446
69.6,6,20.18817988
69.6,7,19.94965089
69.6,8,18.24781555
69.6,9,15.67323109
69.86666667,1,18.26860601
69.86666667,2,17.81745263
69.86666667,3,17.7513013
69.86666667,4,19.17145042
69.86666667,5,19.70357446
69.86666667,6,20.18817988
69.86666667,7,19.94965089
69.86666667,8,18.24781555
69.86666667,9,15.67323109
70.13333333,1,18.26860601
70.13333333,2,17.81745263
70.13333333,3,17.7513013
70.13333333,4,19.17145042
70.13333333,5,19.70357446
70.13333333,6,20.18817988
70.13333333,7,19.94965089
70.13333333,8,18.24781555
70.13333333,9,15.67323109
70.4,1,18.26860601
70.4,2,17.81745263
70.4,3,17.7513013
70.4,4,19.17145042
70.4,5,19.70357446
70.4,6,20.18817988
70.4,7,19.94965089
70.4,8,18.24781555
70.4,9,15.67323109
70.66666667,1,18.26860601
70.66666667,2,17.81745263
70.66666667,3,17.7513013
70.66666667,4,19.17145042
70.66666667,5,19.70357446
70.66666667,6,20.18817988
70.66666667,7,19.94965089
70.66666667,8,18.24781555
70.66666667,9,15.67323109
70.93333333,1,18.26860601
70.93333333,2,17.81745263
70.93333333,3,17.7513013
70.93333333,4,19.17145042
70.93333333,5,19.70357446
70.93333333,6,20.18817988
70.93333333,7,19.94965089
70.93333333,8,18.24781555
70.93333333,9,15.67323109
71.2,1,18.26860601
71.2,2,17.81745263
71.2,3,17.7513013
71.2,4,19.17145042
71.2,5,19.70357446
71.2,6,20.18817988
71.2,7,19.94965089
71.2,8,18.24781555
71.2,9,15.67323109
71.46666667,1,18.26860601
71.46666667,2,17.81745263
71.46666667,3,17.7513013
71.46666667,4,19.17145042
71.46666667,5,19.70357446
71.46666667,6,20.18817988
71.46666667,7,19.94965089
71.46666667,8,18.24781555
71.46666667,9,15.67323109
71.73333333,1,18.26860601
71.73333333,2,17.81745263
71.73333333,3,17.7513013
71.73333333,4,19.17145042
71.73333333,5,19.70357446
71.73333333,6,20.18817988
71.73333333,7,19.94965089
71.73333333,8,18.24781555
71.73333333,9,15.67323109
72,1,18.26860601
72,2,17.81745263
72,3,17.7513013
72,4,19.17145042
72,5,19.70357446
72,6,20.18817988
72,7,19.94965089
72,8,18.24781555
72,9,15.67323109
72.26666667,1,18.26860601
72.26666667,2,17.81745263
72.26666667,3,17.7513013
72.26666667,4,19.17145042
72.26666667,5,19.70357446
72.26666667,6,20.18817988
72.26666667,7,19.94965089
72.26666667,8,18.24781555
72.26666667,9,15.67323109
72.53333333,1,18.26860601
72.53333333,2,17.81745263
72.53333333,3,17.7513013
72.53333333,4,19.17145042
72.53333333,5,19.70357446
72.53333333,6,20.18817988
72.53333333,7,19.94965089
72.53333333,8,18.24781555
72.53333333,9,15.67323109
72.8,1,18.26860601
72.8,2,17.81745263
72.8,3,17.7513013
72.8,4,19.17145042
72.8,5,19.70357446
72.8,6,20.18817988
72.8,7,19.94965089
72.8,8,18.24781555
72.8,9,15.67323109
73.06666667,1,18.26860601
73.06666667,2,17.81745263
73.06666667,3,17.7513013
73.06666667,4,19.17145042
73.06666667,5,19.70357446
73.06666667,6,20.18817988
73.06666667,7,19.94965089
73.06666667,8,18.24781555
73.06666667,9,15.67323109
73.33333333,1,18.26860601
73.33333333,2,17.81745263
73.33333333,3,17.7513013
73.33333333,4,19.17145042
73.33333333,5,19.70357446
73.33333333,6,20.18817988
73.33333333,7,19.94965089
73.33333333,8,18.24781555
73.33333333,9,15.67323109
73.6,1,18.26860601
73.6,2,17.81745263
73.6,3,17.7513013
73.6,4,19.17145042
73.6,5,19.70357446
73.6,6,20.18817988
73.6,7,19.94965089
73.6,8,18.24781555
73.6,9,15.67323109
73.86666667,1,18.26860601
73.86666667,2,17.81745263
73.86666667,3,17.7513013
73.86666667,4,19.17145042
73.86666667,5,19.70357446
73.86666667,6,20.18817988
73.86666667,7,19.94965089
73.86666667,8,18.24781555
73.86666667,9,15.67323109
74.13333333,1,18.26860601
74.13333333,2,17.81745263
74.13333333,3,17.7513013
74.13333333,4,19.17145042
74.13333333,5,19.70357446
74.13333333,6,20.18817988
74.13333333,7,19.94965089
74.13333333,8,18.24781555
74.13333333,9,15.67323109
74.4,1,18.26860601
74.4,2,17.81745263
74.4,3,17.7513013
74.4,4,19.17145042
74.4,5,19.70357446
74.4,6,20.18817988
74.4,7,19.94965089
74.4,8,18.24781555
74.4,9,15.67323109
74.66666667,1,18.26860601
74.66666667,2,17.81745263
74.66666667,3,17.7513013
74.66666667,4,19.17145042
74.66666667,5,19.70357446
74.66666667,6,20.18817988
74.66666667,7,19.94965089
74.66666667,8,18.24781555
74.66666667,9,15.67323109
74.93333333,1,18.26860601
74.93333333,2,17.81745263
74.93333333,3,17.7513013
74.93333333,4,19.17145042
74.93333333,5,19.70357446
74.93333333,6,20.18817988
74.93333333,7,19.94965089
74.93333333,8,18.24781555
74.93333333,9,15.67323109
75.2,1,18.26860601
75.2,2,17.81745263
75.2,3,17.7513013
75.2,4,19.17145042
75.2,5,19.70357446
75.2,6,20.18817988
75.2,7,19.94965089
75.2,8,18.24781555
75.2,9,15.67323109
75.46666667,1,18.26860601
75.46666667,2,17.81745263
75.46666667,3,17.7513013
75.46666667,4,19.17145042
75.46666667,5,19.70357446
75.46666667,6,20.18817988
75.46666667,7,19.94965089
75.46666667,8,18.24781555
75.46666667,9,15.67323109
75.73333333,1,18.26860601
75.73333333,2,17.81745263
75.73333333,3,17.7513013
75.73333333,4,19.17145042
75.73333333,5,19.70357446
75.73333333,6,20.18817988
75.73333333,7,19.94965089
75.73333333,8,18.24781555
75.73333333,9,15.67323109
76,1,18.26860601
76,2,17.81745263
76,3,17.7513013
76,4,19.17145042
76,5,19.70357446
76,6,20.18817988
76,7,19.94965089
76,8,18.24781555
76,9,15.67323109
76.26666667,1,18.26860601
76.26666667,2,17.81745263
76.26666667,3,17.7513013
76.26666667,4,19.17145042
76.26666667,5,19.70357446
76.26666667,6,20.18817988
76.26666667,7,19.94965089
76.26666667,8,18.24781555
76.26666667,9,15.67323109
76.53333333,1,18.26860601
76.53333333,2,17.81745263
76.53333333,3,17.7513013
76.53333333,4,19.17145042
76.53333333,5,19.70357446
76.53333333,6,20.18817988
76.53333333,7,19.94965089
76.53333333,8,18.24781555
76.53333333,9,15.67323109
76.8,1,18.26860601
76.8,2,17.81745263
76.8,3,17.7513013
76.8,4,19.17145042
76.8,5,19.70357446
76.8,6,20.18817988
76.8,7,19.94965089
76.8,8,18.24781555
76.8,9,15.67323109
77.06666667,1,18.26860601
77.06666667,2,17.81745263
77.06666667,3,17.7513013
77.06666667,4,19.17145042
77.06666667,5,19.70357446
77.06666667,6,20.18817988
77.06666667,7,19.94965089
77.06666667,8,18.24781555
77.06666667,9,15.67323109
77.33333333,1,18.26860601
77.33333333,2,17.81745263
77.33333333,3,17.7513013
77.33333333,4,19.17145042
77.33333333,5,19.70357446
77.33333333,6,20.18817988
77.33333333,7,19.94965089
77.33333333,8,18.24781555
77.33333333,9,15.67323109
77.6,1,18.26860601
77.6,2,17.81745263
77.6,3,17.7513013
77.6,4,19.17145042
77.6,5,19.70357446
77.6,6,20.18817988
77.6,7,19.94965089
77.6,8,18.24781555
77.6,9,15.67323109
77.86666667,1,18.26860601
77.86666667,2,17.81745263
77.86666667,3,17.7513013
77.86666667,4,19.17145042
77.86666667,5,19.70357446
77.86666667,6,20.18817988
77.86666667,7,19.94965089
77.86666667,8,18.24781555
77.86666667,9,15.67323109
78.13333333,1,18.26860601
78.13333333,2,17.81745263
78.13333333,3,17.7513013
78.13333333,4,19.17145042
78.13333333,5,19.70357446
78.13333333,6,20.18817988
78.13333333,7,19.94965089
78.13333333,8,18.24781555
78.13333333,9,15.67323109
78.4,1,18.26860601
78.4,2,17.81745263
78.4,3,17.7513013
78.4,4,19.17145042
78.4,5,19.70357446
78.4,6,20.18817988
78.4,7,19.94965089
78.4,8,18.24781555
78.4,9,15.67323109
78.66666667,1,18.26860601
78.66666667,2,17.81745263
78.66666667,3,17.7513013
78.66666667,4,19.17145042
78.66666667,5,19.70357446
78.66666667,6,20.18817988
78.66666667,7,19.94965089
78.66666667,8,18.24781555
78.66666667,9,15.67323109
78.93333333,1,18.26860601
78.93333333,2,17.81745263
78.93333333,3,17.7513013
78.93333333,4,19.17145042
78.93333333,5,19.70357446
78.93333333,6,20.18817988
78.93333333,7,19.94965089
78.93333333,8,18.24781555
78.93333333,9,15.67323109
79.2,1,18.26860601
79.2,2,17.81745263
79.2,3,17.7513013
79.2,4,19.17145042
79.2,5,19.70357446
79.2,6,20.18817988
79.2,7,19.94965089
79.2,8,18.24781555
79.2,9,15.67323109
79.46666667,1,18.26860601
79.46666667,2,17.81745263
79.46666667,3,17.7513013
79.46666667,4,19.17145042
79.46666667,5,19.70357446
79.46666667,6,20.18817988
79.46666667,7,19.94965089
79.46666667,8,18.24781555
79.46666667,9,15.67323109
79.73333333,1,18.26860601
79.73333333,2,17.81745263
79.73333333,3,17.7513013
79.73333333,4,19.17145042
79.73333333,5,19.70357446
79.73333333,6,20.18817988
79.73333333,7,19.94965089
79.73333333,8,18.24781555
79.73333333,9,15.67323109
80,1,18.26860601
80,2,17.81745263
80,3,17.7513013
80,4,19.17145042
80,5,19.70357446
80,6,20.18817988
80,7,19.94965089
80,8,18.24781555
80,9,15.67323109
80.26666667,1,18.26860601
80.26666667,2,17.81745263
80.26666667,3,17.7513013
80.26666667,4,19.17145042
80.26666667,5,19.70357446
80.26666667,6,20.18817988
80.26666667,7,19.94965089
80.26666667,8,18.24781555
80.26666667,9,15.67323109
80.53333333,1,18.26860601
80.53333333,2,17.81745263
80.53333333,3,17.7513013
80.53333333,4,19.17145042
80.53333333,5,19.70357446
80.53333333,6,20.18817988
80.53333333,7,19.94965089
80.53333333,8,18.24781555
80.53333333,9,15.67323109
80.8,1,18.26860601
80.8,2,17.81745263
80.8,3,17.7513013
80.8,4,19.17145042
80.8,5,19.70357446
80.8,6,20.18817988
80.8,7,19.94965089
80.8,8,18.24781555
80.8,9,15.67323109
81.06666667,1,18.26860601
81.06666667,2,17.81745263
81.06666667,3,17.7513013
81.06666667,4,19.17145042
81.06666667,5,19.70357446
81.06666667,6,20.18817988
81.06666667,7,19.94965089
81.06666667,8,18.24781555
81.06666667,9,15.67323109
81.33333333,1,18.26860601
81.33333333,2,17.81745263
81.33333333,3,17.7513013
81.33333333,4,19.17145042
81.33333333,5,19.70357446
81.33333333,6,20.18817988
81.33333333,7,19.94965089
81.33333333,8,18.24781555
81.33333333,9,15.67323109
81.6,1,18.26860601
81.6,2,17.81745263
81.6,3,17.7513013
81.6,4,19.17145042
81.6,5,19.70357446
81.6,6,20.18817988
81.6,7,19.94965089
81.6,8,18.24781555
81.6,9,15.67323109
81.86666667,1,18.26860601
81.86666667,2,17.81745263
81.86666667,3,17.7513013
81.86666667,4,19.17145042
81.86666667,5,19.70357446
81.86666667,6,20.18817988
81.86666667,7,19.94965089
81.86666667,8,18.24781555
81.86666667,9,15.67323109
82.13333333,1,18.26860601
82.13333333,2,17.81745263
82.13333333,3,17.7513013
82.13333333,4,19.17145042
82.13333333,5,19.70357446
82.13333333,6,20.18817988
82.13333333,7,19.94965089
82.13333333,8,18.24781555
82.13333333,9,15.67323109
82.4,1,18.26860601
82.4,2,17.81745263
82.4,3,17.7513013
82.4,4,19.17145042
82.4,5,19.70357446
82.4,6,20.18817988
82.4,7,19.94965089
82.4,8,18.24781555
82.4,9,15.67323109
82.66666667,1,18.26860601
82.66666667,2,17.81745263
82.66666667,3,17.7513013
82.66666667,4,19.17145042
82.66666667,5,19.70357446
82.66666667,6,20.18817988
82.66666667,7,19.94965089
82.66666667,8,18.24781555
82.66666667,9,15.67323109
82.93333333,1,18.26860601
82.93333333,2,17.81745263
82.93333333,3,17.7513013
82.93333333,4,19.17145042
82.93333333,5,19.70357446
82.93333333,6,20.18817988
82.93333333,7,19.94965089
82.93333333,8,18.24781555
82.93333333,9,15.67323109
83.2,1,18.26860601
83.2,2,17.81745263
83.2,3,17.7513013
83.2,4,19.17145042
83.2,5,19.70357446
83.2,6,20.18817988
83.2,7,19.94965089
83.2,8,18.24781555
83.2,9,15.67323109
83.46666667,1,18.26860601
83.46666667,2,17.81745263
83.46666667,3,17.7513013
83.46666667,4,19.17145042
83.46666667,5,19.70357446
83.46666667,6,20.18817988
83.46666667,7,19.94965089
83.46666667,8,18.24781555
83.46666667,9,15.67323109
83.73333333,1,18.26860601
83.73333333,2,17.81745263
83.73333333,3,17.7513013
83.73333333,4,19.17145042
83.73333333,5,19.70357446
83.73333333,6,20.18817988
83.73333333,7,19.94965089
83.73333333,8,18.24781555
83.73333333,9,15.67323109
84,1,18.26860601
84,2,17.81745263
84,3,17.7513013
84,4,19.17145042
84,5,19.70357446
84,6,20.18817988
84,7,19.94965089
84,8,18.24781555
84,9,15.67323109
84.26666667,1,18.26860601
84.26666667,2,17.81745263
84.26666667,3,17.7513013
84.26666667,4,19.17145042
84.26666667,5,19.70357446
84.26666667,6,20.18817988
84.26666667,7,19.94965089
84.26666667,8,18.24781555
84.26666667,9,15.67323109
84.53333333,1,18.26860601
84.53333333,2,17.81745263
84.53333333,3,17.7513013
84.53333333,4,19.17145042
84.53333333,5,19.70357446
84.53333333,6,20.18817988
84.53333333,7,19.94965089
84.53333333,8,18.24781555
84.53333333,9,15.67323109
84.8,1,18.26860601
84.8,2,17.81745263
84.8,3,17.7513013
84.8,4,19.17145042
84.8,5,19.70357446
84.8,6,20.18817988
84.8,7,19.94965089
84.8,8,18.24781555
84.8,9,15.67323109
85.06666667,1,18.26860601
85.06666667,2,17.81745263
85.06666667,3,17.7513013
85.06666667,4,19.17145042
85.06666667,5,19.70357446
85.06666667,6,20.18817988
85.06666667,7,19.94965089
85.06666667,8,18.24781555
85.06666667,9,15.67323109
85.33333333,1,18.26860601
85.33333333,2,17.81745263
85.33333333,3,17.7513013
85.33333333,4,19.17145042
85.33333333,5,19.70357446
85.33333333,6,20.18817988
85.33333333,7,19.94965089
85.33333333,8,18.24781555
85.33333333,9,15.67323109
85.6,1,18.26860601
85.6,2,17.81745263
85.6,3,17.7513013
85.6,4,19.17145042
85.6,5,19.70357446
85.6,6,20.18817988
85.6,7,19.94965089
85.6,8,18.24781555
85.6,9,15.67323109
85.86666667,1,18.26860601
85.86666667,2,17.81745263
85.86666667,3,17.7513013
85.86666667,4,19.17145042
85.86666667,5,19.70357446
85.86666667,6,20.18817988
85.86666667,7,19.94965089
85.86666667,8,18.24781555
85.86666667,9,15.67323109
86.13333333,1,18.26860601
86.13333333,2,17.81745263
86.13333333,3,17.7513013
86.13333333,4,19.17145042
86.13333333,5,19.70357446
86.13333333,6,20.18817988
86.13333333,7,19.94965089
86.13333333,8,18.24781555
86.13333333,9,15.67323109
86.4,1,18.26860601
86.4,2,17.81745263
86.4,3,17.7513013
86.4,4,19.17145042
86.4,5,19.70357446
86.4,6,20.18817988
86.4,7,19.94965089
86.4,8,18.24781555
86.4,9,15.67323109
86.66666667,1,18.26860601
86.66666667,2,17.81745263
86.66666667,3,17.7513013
86.66666667,4,19.17145042
86.66666667,5,19.70357446
86.66666667,6,20.18817988
86.66666667,7,19.94965089
86.66666667,8,18.24781555
86.66666667,9,15.67323109
86.93333333,1,18.26860601
86.93333333,2,17.81745263
86.93333333,3,17.7513013
86.93333333,4,19.17145042
86.93333333,5,19.70357446
86.93333333,6,20.18817988
86.93333333,7,19.94965089
86.93333333,8,18.24781555
86.93333333,9,15.67323109
87.2,1,18.26860601
87.2,2,17.81745263
87.2,3,17.7513013
87.2,4,19.17145042
87.2,5,19.70357446
87.2,6,20.18817988
87.2,7,19.94965089
87.2,8,18.24781555
87.2,9,15.67323109
87.46666667,1,18.26860601
87.46666667,2,17.81745263
87.46666667,3,17.7513013
87.46666667,4,19.17145042
87.46666667,5,19.70357446
87.46666667,6,20.18817988
87.46666667,7,19.94965089
87.46666667,8,18.24781555
87.46666667,9,15.67323109
87.73333333,1,18.26860601
87.73333333,2,17.81745263
87.73333333,3,17.7513013
87.73333333,4,19.17145042
87.73333333,5,19.70357446
87.73333333,6,20.18817988
87.73333333,7,19.94965089
87.73333333,8,18.24781555
87.73333333,9,15.67323109
88,1,18.26860601
88,2,17.81745263
88,3,17.7513013
88,4,19.17145042
88,5,19.70357446
88,6,20.18817988
88,7,19.94965089
88,8,18.24781555
88,9,15.67323109
88.26666667,1,18.26860601
88.26666667,2,17.81745263
88.26666667,3,17.7513013
88.26666667,4,19.17145042
88.26666667,5,19.70357446
88.26666667,6,20.18817988
88.26666667,7,19.94965089
88.26666667,8,18.24781555
88.26666667,9,15.67323109
88.53333333,1,18.26860601
88.53333333,2,17.81745263
88.53333333,3,17.7513013
88.53333333,4,19.17145042
88.53333333,5,19.70357446
88.53333333,6,20.18817988
88.53333333,7,19.94965089
88.53333333,8,18.24781555
88.53333333,9,15.67323109
88.8,1,18.26860601
88.8,2,17.81745263
88.8,3,17.7513013
88.8,4,19.17145042
88.8,5,19.70357446
88.8,6,20.18817988
88.8,7,19.94965089
88.8,8,18.24781555
88.8,9,15.67323109
89.06666667,1,18.26860601
89.06666667,2,17.81745263
89.06666667,3,17.7513013
89.06666667,4,19.17145042
89.06666667,5,19.70357446
89.06666667,6,20.18817988
89.06666667,7,19.94965089
89.06666667,8,18.24781555
89.06666667,9,15.67323109
89.33333333,1,18.26860601
89.33333333,2,17.81745263
89.33333333,3,17.7513013
89.33333333,4,19.17145042
89.33333333,5,19.70357446
89.33333333,6,20.18817988
89.33333333,7,19.94965089
89.33333333,8,18.24781555
89.33333333,9,15.67323109
89.6,1,18.26860601
89.6,2,17.81745263
89.6,3,17.7513013
89.6,4,19.17145042
89.6,5,19.70357446
89.6,6,20.18817988
89.6,7,19.94965089
89.6,8,18.24781555
89.6,9,15.67323109
89.86666667,1,18.26860601
89.86666667,2,17.81745263
89.86666667,3,17.7513013
89.86666667,4,19.17145042
89.86666667,5,19.70357446
89.86666667,6,20.18817988
89.86666667,7,19.94965089
89.86666667,8,18.24781555
89.86666667,9,15.67323109
90.13333333,1,20.49604229
90.13333333,2,20.25259461
90.13333333,3,20.06627102
90.13333333,4,19.00876642
90.13333333,5,18.6191353
90.13333333,6,18.6902871
90.13333333,7,18.58098795
90.13333333,8,17.53865754
90.13333333,9,18.06173894
90.4,1,20.49604229
90.4,2,20.25259461
90.4,3,20.06627102
90.4,4,19.00876642
90.4,5,18.6191353
90.4,6,18.6902871
90.4,7,18.58098795
90.4,8,17.53865754
90.4,9,18.06173894
90.66666667,1,20.49604229
90.66666667,2,20.25259461
90.66666667,3,20.06627102
90.66666667,4,19.00876642
90.66666667,5,18.6191353
90.66666667,6,18.6902871
90.66666667,7,18.58098795
90.66666667,8,17.53865754
90.66666667,9,18.06173894
90.93333333,1,20.49604229
90.93333333,2,20.25259461
90.93333333,3,20.06627102
90.93333333,4,19.00876642
90.93333333,5,18.6191353
90.93333333,6,18.6902871
90.93333333,7,18.58098795
90.93333333,8,17.53865754
90.93333333,9,18.06173894
91.2,1,20.49604229
91.2,2,20.25259461
91.2,3,20.06627102
91.2,4,19.00876642
91.2,5,18.6191353
91.2,6,18.6902871
91.2,7,18.58098795
91.2,8,17.53865754
91.2,9,18.06173894
91.46666667,1,20.49604229
91.46666667,2,20.25259461
91.46666667,3,20.06627102
91.46666667,4,19.00876642
91.46666667,5,18.6191353
91.46666667,6,18.6902871
91.46666667,7,18.58098795
91.46666667,8,17.53865754
91.46666667,9,18.06173894
91.73333333,1,20.49604229
91.73333333,2,20.25259461
91.73333333,3,20.06627102
91.73333333,4,19.00876642
91.73333333,5,18.6191353
91.73333333,6,18.6902871
91.73333333,7,18.58098795
91.73333333,8,17.53865754
91.73333333,9,18.06173894
92,1,20.49604229
92,2,20.25259461
92,3,20.06627102
92,4,19.00876642
92,5,18.6191353
92,6,18.6902871
92,7,18.58098795
92,8,17.53865754
92,9,18.06173894
92.26666667,1,20.49604229
92.26666667,2,20.25259461
92.26666667,3,20.06627102
92.26666667,4,19.00876642
92.26666667,5,18.6191353
92.26666667,6,18.6902871
92.26666667,7,18.58098795
92.26666667,8,17.53865754
92.26666667,9,18.06173894
92.53333333,1,20.49604229
92.53333333,2,20.25259461
92.53333333,3,20.06627102
92.53333333,4,19.00876642
92.53333333,5,18.6191353
92.53333333,6,18.6902871
92.53333333,7,18.58098795
92.53333333,8,17.53865754
92.53333333,9,18.06173894
92.8,1,20.49604229
92.8,2,20.25259461
92.8,3,20.06627102
92.8,4,19.00876642
92.8,5,18.6191353
92.8,6,18.6902871
92.8,7,18.58098795
92.8,8,17.53865754
92.8,9,18.06173894
93.06666667,1,20.49604229
93.06666667,2,20.25259461
93.06666667,3,20.06627102
93.06666667,4,19.00876642
93.06666667,5,18.6191353
93.06666667,6,18.6902871
93.06666667,7,18.58098795
93.06666667,8,17.53865754
93.06666667,9,18.06173894
93.33333333,1,20.49604229
93.33333333,2,20.25259461
93.33333333,3,20.06627102
93.33333333,4,19.00876642
93.33333333,5,18.6191353
93.33333333,6,18.6902871
93.33333333,7,18.58098795
93.33333333,8,17.53865754
93.33333333,9,18.06173894
93.6,1,20.49604229
93.6,2,20.25259461
93.6,3,20.06627102
93.6,4,19.00876642
93.6,5,18.6191353
93.6,6,18.6902871
93.6,7,18.58098795
93.6,8,17.53865754
93.6,9,18.06173894
93.86666667,1,20.49604229
93.86666667,2,20.25259461
93.86666667,3,20.06627102
93.86666667,4,19.00876642
93.86666667,5,18.6191353
93.86666667,6,18.6902871
93.86666667,7,18.58098795
93.86666667,8,17.53865754
93.86666667,9,18.06173894
94.13333333,1,20.49604229
94.13333333,2,20.25259461
94.13333333,3,20.06627102
94.13333333,4,19.00876642
94.13333333,5,18.6191353
94.13333333,6,18.6902871
94.13333333,7,18.58098795
94.13333333,8,17.53865754
94.13333333,9,18.06173894
94.4,1,20.49604229
94.4,2,20.25259461
94.4,3,20.06627102
94.4,4,19.00876642
94.4,5,18.6191353
94.4,6,18.6902871
94.4,7,18.58098795
94.4,8,17.53865754
94.4,9,18.06173894
94.66666667,1,20.49604229
94.66666667,2,20.25259461
94.66666667,3,20.06627102
94.66666667,4,19.00876642
94.66666667,5,18.6191353
94.66666667,6,18.6902871
94.66666667,7,18.58098795
94.66666667,8,17.53865754
94.66666667,9,18.06173894
94.93333333,1,20.49604229
94.93333333,2,20.25259461
94.93333333,3,20.06627102
94.93333333,4,19.00876642
94.93333333,5,18.6191353
94.93333333,6,18.6902871
94.93333333,7,18.58098795
94.93333333,8,17.53865754
94.93333333,9,18.06173894
95.2,1,20.49604229
95.2,2,20.25259461
95.2,3,20.06627102
95.2,4,19.00876642
95.2,5,18.6191353
95.2,6,18.6902871
95.2,7,18.58098795
95.2,8,17.53865754
95.2,9,18.06173894
95.46666667,1,20.49604229
95.46666667,2,20.25259461
95.46666667,3,20.06627102
95.46666667,4,19.00876642
95.46666667,5,18.6191353
95.46666667,6,18.6902871
95.46666667,7,18.58098795
95.46666667,8,17.53865754
95.46666667,9,18.06173894
95.73333333,1,20.49604229
95.73333333,2,20.25259461
95.73333333,3,20.06627102
95.73333333,4,19.00876642
95.73333333,5,18.6191353
95.73333333,6,18.6902871
95.73333333,7,18.58098795
95.73333333,8,17.53865754
95.73333333,9,18.06173894
96,1,20.49604229
96,2,20.25259461
96,3,20.06627102
96,4,19.00876642
96,5,18.6191353
96,6,18.6902871
96,7,18.58098795
96,8,17.53865754
96,9,18.06173894
96.26666667,1,20.49604229
96.26666667,2,20.25259461
96.26666667,3,20.06627102
96.26666667,4,19.00876642
96.26666667,5,18.6191353
96.26666667,6,18.6902871
96.26666667,7,18.58098795
96.26666667,8,17.53865754
96.26666667,9,18.06173894
96.53333333,1,20.49604229
96.53333333,2,20.25259461
96.53333333,3,20.06627102
96.53333333,4,19.00876642
96.53333333,5,18.6191353
96.53333333,6,18.6902871
96.53333333,7,18.58098795
96.53333333,8,17.53865754
96.53333333,9,18.06173894
96.8,1,20.49604229
96.8,2,20.25259461
96.8,3,20.06627102
96.8,4,19.00876642
96.8,5,18.6191353
96.8,6,18.6902871
96.8,7,18.58098795
96.8,8,17.53865754
96.8,9,18.06173894
97.06666667,1,20.49604229
97.06666667,2,20.25259461
97.06666667,3,20.06627102
97.06666667,4,19.00876642
97.06666667,5,18.6191353
97.06666667,6,18.6902871
97.06666667,7,18.58098795
97.06666667,8,17.53865754
97.06666667,9,18.06173894
97.33333333,1,20.49604229
97.33333333,2,20.25259461
97.33333333,3,20.06627102
97.33333333,4,19.00876642
97.33333333,5,18.6191353
97.33333333,6,18.6902871
97.33333333,7,18.58098795
97.33333333,8,17.53865754
97.33333333,9,18.06173894
97.6,1,20.49604229
97.6,2,20.25259461
97.6,3,20.06627102
97.6,4,19.00876642
97.6,5,18.6191353
97.6,6,18.6902871
97.6,7,18.58098795
97.6,8,17.53865754
97.6,9,18.06173894
97.86666667,1,20.49604229
97.86666667,2,20.25259461
97.86666667,3,20.06627102
97.86666667,4,19.00876642
97.86666667,5,18.6191353
97.86666667,6,18.6902871
97.86666667,7,18.58098795
97.86666667,8,17.53865754
97.86666667,9,18.06173894
98.13333333,1,20.49604229
98.13333333,2,20.25259461
98.13333333,3,20.06627102
98.13333333,4,19.00876642
98.13333333,5,18.6191353
98.13333333,6,18.6902871
98.13333333,7,18.58098795
98.13333333,8,17.53865754
98.13333333,9,18.06173894
98.4,1,20.49604229
98.4,2,20.25259461
98.4,3,20.06627102
98.4,4,19.00876642
98.4,5,18.6191353
98.4,6,18.6902871
98.4,7,18.58098795
98.4,8,17.53865754
98.4,9,18.06173894
98.66666667,1,20.49604229
98.66666667,2,20.25259461
98.66666667,3,20.06627102
98.66666667,4,19.00876642
98.66666667,5,18.6191353
98.66666667,6,18.6902871
98.66666667,7,18.58098795
98.66666667,8,17.53865754
98.66666667,9,18.06173894
98.93333333,1,20.49604229
98.93333333,2,20.25259461
98.93333333,3,20.06627102
98.93333333,4,19.00876642
98.93333333,5,18.6191353
98.93333333,6,18.6902871
98.93333333,7,18.58098795
98.93333333,8,17.53865754
98.93333333,9,18.06173894
99.2,1,20.49604229
99.2,2,20.25259461
99.2,3,20.06627102
99.2,4,19.00876642
99.2,5,18.6191353
99.2,6,18.6902871
99.2,7,18.58098795
99.2,8,17.53865754
99.2,9,18.06173894
99.46666667,1,20.49604229
99.46666667,2,20.25259461
99.46666667,3,20.06627102
99.46666667,4,19.00876642
99.46666667,5,18.6191353
99.46666667,6,18.6902871
99.46666667,7,18.58098795
99.46666667,8,17.53865754
99.46666667,9,18.06173894
99.73333333,1,20.49604229
99.73333333,2,20.25259461
99.73333333,3,20.06627102
99.73333333,4,19.00876642
99.73333333,5,18.6191353
99.73333333,6,18.6902871
99.73333333,7,18.58098795
99.73333333,8,17.53865754
99.73333333,9,18.06173894
100,1,20.49604229
100,2,20.25259461
100,3,20.06627102
100,4,19.00876642
100,5,18.6191353
100,6,18.6902871
100,7,18.58098795
100,8,17.53865754
100,9,18.06173894
100.2666667,1,20.49604229
100.2666667,2,20.25259461
100.2666667,3,20.06627102
100.2666667,4,19.00876642
100.2666667,5,18.6191353
100.2666667,6,18.6902871
100.2666667,7,18.58098795
100.2666667,8,17.53865754
100.2666667,9,18.06173894